field_id,veg_cover,weed_cover,crop_cover
"ID_00048_UAV_dji.phantom.4.pro.hawk.1_[Lat=39.54212427861807,Lon=22.64442951302024,Alt=4.900000095367432]_DATE_03_07_2019_14_38_56",40.24370659722222,0.0,40.24370659722222
"ID_00049_UAV_dji.phantom.4.pro.hawk.1_[Lat=39.54212238368247,Lon=22.644427100249906,Alt=4.900000095367432]_DATE_03_07_2019_14_38_57",47.764431423611114,0.0,47.764431423611114
"ID_00050_UAV_dji.phantom.4.pro.hawk.1_[Lat=39.54212050531792,Lon=22.644424707209755,Alt=4.900000095367432]_DATE_03_07_2019_14_38_58",44.197591145833336,0.0,44.197591145833336
"ID_00051_UAV_dji.phantom.4.pro.hawk.1_[Lat=39.54211671867755,Lon=22.64441993246098,Alt=4.900000095367432]_DATE_03_07_2019_14_38_59",43.82703993055556,0.0,43.82703993055556
"ID_00052_UAV_dji.phantom.4.pro.hawk.1_[Lat=39.54211477371615,Lon=22.644417506003943,Alt=4.900000095367432]_DATE_03_07_2019_14_38_59",38.511501736111114,0.0,38.511501736111114
"ID_00053_UAV_dji.phantom.4.pro.hawk.1_[Lat=39.542112844908914,Lon=22.64441509154499,Alt=4.900000095367432]_DATE_03_07_2019_14_39_00",37.934353298611114,0.0,37.934353298611114
"ID_00054_UAV_dji.phantom.4.pro.hawk.1_[Lat=39.54211093392337,Lon=22.644412730677484,Alt=4.900000095367432]_DATE_03_07_2019_14_39_00",31.70659722222222,0.0,31.70659722222222
"ID_00055_UAV_dji.phantom.4.pro.hawk.1_[Lat=39.542083972622905,Lon=22.64437887492733,Alt=5.0]_DATE_03_07_2019_14_39_01",43.081271701388886,0.0,43.081271701388886
"ID_00056_UAV_dji.phantom.4.pro.hawk.1_[Lat=39.54203384270712,Lon=22.6443173135562,Alt=4.900000095367432]_DATE_03_07_2019_14_39_01",42.851345486111114,0.0,42.851345486111114
"ID_00057_UAV_dji.phantom.4.pro.hawk.1_[Lat=39.542029925582796,Lon=22.644312197750764,Alt=4.900000095367432]_DATE_03_07_2019_14_39_02",46.714084201388886,0.0,46.714084201388886
"ID_00058_UAV_dji.phantom.4.pro.hawk.1_[Lat=39.54202799708822,Lon=22.644309643225288,Alt=4.900000095367432]_DATE_03_07_2019_14_39_04",41.107204861111114,0.0,41.107204861111114
"ID_00059_UAV_dji.phantom.4.pro.hawk.1_[Lat=39.542024364381405,Lon=22.64430475644995,Alt=4.900000095367432]_DATE_03_07_2019_14_39_05",37.32899305555556,0.0,37.32899305555556
"ID_00060_UAV_dji.phantom.4.pro.hawk.1_[Lat=39.54202261858522,Lon=22.64430236652042,Alt=4.900000095367432]_DATE_03_07_2019_14_39_08",37.134440104166664,0.0,37.134440104166664
"ID_00061_UAV_dji.phantom.4.pro.hawk.1_[Lat=39.54190261857315,Lon=22.64415333458149,Alt=5.0]_DATE_03_07_2019_14_39_11",37.75922309027778,0.0,37.75922309027778
"ID_00062_UAV_dji.phantom.4.pro.hawk.1_[Lat=39.54187150857059,Lon=22.64411475665194,Alt=5.0]_DATE_03_07_2019_14_39_13",38.916015625,0.0,38.916015625
"ID_00063_UAV_dji.phantom.4.pro.hawk.1_[Lat=39.54186771494745,Lon=22.644109885874055,Alt=5.0]_DATE_03_07_2019_14_39_17",42.38042534722222,0.0,42.38042534722222
"ID_00064_UAV_dji.phantom.4.pro.hawk.1_[Lat=39.541784712870324,Lon=22.644003487217194,Alt=5.0]_DATE_03_07_2019_14_39_19",43.101345486111114,0.0,43.101345486111114
"ID_00065_UAV_dji.phantom.4.pro.hawk.1_[Lat=39.541776905406316,Lon=22.643994037614803,Alt=4.900000095367432]_DATE_03_07_2019_14_39_22",39.09819878472222,0.0,39.09819878472222
"ID_00066_UAV_dji.phantom.4.pro.hawk.1_[Lat=39.541772936901324,Lon=22.64398948687471,Alt=4.900000095367432]_DATE_03_07_2019_14_39_24",39.108181423611114,0.0,39.108181423611114
"ID_00067_UAV_dji.phantom.4.pro.hawk.1_[Lat=39.54175473553524,Lon=22.643922337417997,Alt=5.0]_DATE_03_07_2019_14_39_27",41.60796440972222,0.0,41.60796440972222
"ID_00068_UAV_dji.phantom.4.pro.hawk.1_[Lat=39.541760147284556,Lon=22.643725690503484,Alt=4.900000095367432]_DATE_03_07_2019_14_39_28",36.037868923611114,0.0,36.037868923611114
"ID_00069_UAV_dji.phantom.4.pro.hawk.1_[Lat=39.54176017948866,Lon=22.64372225834035,Alt=4.900000095367432]_DATE_03_07_2019_14_39_28",36.230794270833336,0.0,36.230794270833336
"ID_00070_UAV_dji.phantom.4.pro.hawk.1_[Lat=39.5417989584463,Lon=22.643530583432007,Alt=5.0]_DATE_03_07_2019_14_39_29",33.891927083333336,0.0,33.891927083333336
"ID_00071_UAV_dji.phantom.4.pro.hawk.1_[Lat=39.54186632558509,Lon=22.643535498913867,Alt=4.900000095367432]_DATE_03_07_2019_14_39_29",36.935546875,0.0,36.935546875
"ID_00072_UAV_dji.phantom.4.pro.hawk.1_[Lat=39.541869078671596,Lon=22.64353555614917,Alt=5.0]_DATE_03_07_2019_14_39_30",33.85980902777778,0.0,33.85980902777778
"ID_00073_UAV_dji.phantom.4.pro.hawk.1_[Lat=39.54193633033416,Lon=22.643550942314846,Alt=4.900000095367432]_DATE_03_07_2019_14_39_30",39.737521701388886,0.0,39.737521701388886
"ID_00074_UAV_dji.phantom.4.pro.hawk.1_[Lat=39.54193593867384,Lon=22.643553973830834,Alt=4.900000095367432]_DATE_03_07_2019_14_39_31",41.534830729166664,0.0,41.534830729166664
"ID_00075_UAV_dji.phantom.4.pro.hawk.1_[Lat=39.541935601416576,Lon=22.643557206203642,Alt=4.900000095367432]_DATE_03_07_2019_14_39_31",42.65766059027778,0.0,42.65766059027778
"ID_00076_UAV_dji.phantom.4.pro.hawk.1_[Lat=39.54193525967783,Lon=22.643560644054755,Alt=4.900000095367432]_DATE_03_07_2019_14_39_34",38.403645833333336,0.0,38.403645833333336
"ID_00077_UAV_dji.phantom.4.pro.hawk.1_[Lat=39.54193496525516,Lon=22.643564226238382,Alt=4.900000095367432]_DATE_03_07_2019_14_39_38",34.26063368055556,0.0,34.26063368055556
"ID_00078_UAV_dji.phantom.4.pro.hawk.1_[Lat=39.54193294275377,Lon=22.643603076391127,Alt=4.900000095367432]_DATE_03_07_2019_14_39_41",38.53602430555556,0.0,38.53602430555556
"ID_00079_UAV_dji.phantom.4.pro.hawk.1_[Lat=39.5419326810563,Lon=22.643614647699216,Alt=5.0]_DATE_03_07_2019_14_39_44",48.1767578125,0.0,48.1767578125
"ID_00080_UAV_dji.phantom.4.pro.hawk.1_[Lat=39.54193232587313,Lon=22.643662531609635,Alt=4.900000095367432]_DATE_03_07_2019_14_39_47",53.01942274305556,0.0,53.01942274305556
"ID_00081_UAV_dji.phantom.4.pro.hawk.1_[Lat=39.54193066147309,Lon=22.64400406907985,Alt=4.900000095367432]_DATE_03_07_2019_14_39_49",45.111002604166664,0.0,45.111002604166664
"ID_00082_UAV_dji.phantom.4.pro.hawk.1_[Lat=39.541931324836035,Lon=22.644130139884748,Alt=4.900000095367432]_DATE_03_07_2019_14_39_50",37.94574652777778,0.0,37.94574652777778
"ID_00083_UAV_dji.phantom.4.pro.hawk.1_[Lat=39.541931332861004,Lon=22.644133585734583,Alt=4.900000095367432]_DATE_03_07_2019_14_39_52",33.080295138888886,0.0,33.080295138888886
"ID_00084_UAV_dji.phantom.4.pro.hawk.1_[Lat=39.541931345784334,Lon=22.644137027318433,Alt=4.900000095367432]_DATE_03_07_2019_14_39_55",43.41905381944444,0.0,43.41905381944444
"ID_00085_UAV_dji.phantom.4.pro.hawk.1_[Lat=39.54193136371025,Lon=22.64414047539014,Alt=4.900000095367432]_DATE_03_07_2019_14_39_57",42.58289930555556,0.0,42.58289930555556
"ID_00086_UAV_dji.phantom.4.pro.hawk.1_[Lat=39.541931373298524,Lon=22.644143932704814,Alt=4.900000095367432]_DATE_03_07_2019_14_39_58",45.130859375,0.0,45.130859375
"ID_00087_UAV_dji.phantom.4.pro.hawk.1_[Lat=39.54193311304993,Lon=22.644217169634043,Alt=4.800000190734863]_DATE_03_07_2019_14_39_58",38.654947916666664,0.0,38.654947916666664
"ID_00088_UAV_dji.phantom.4.pro.hawk.1_[Lat=39.54193316161664,Lon=22.644220651922506,Alt=4.800000190734863]_DATE_03_07_2019_14_39_59",43.385091145833336,0.0,43.385091145833336
"ID_00089_UAV_dji.phantom.4.pro.hawk.1_[Lat=39.54193152827428,Lon=22.64457194525732,Alt=4.900000095367432]_DATE_03_07_2019_14_39_59",42.27354600694444,0.0,42.27354600694444
"ID_00090_UAV_dji.phantom.4.pro.hawk.1_[Lat=39.54193043656543,Lon=22.644610684183387,Alt=4.900000095367432]_DATE_03_07_2019_14_40_00",42.82172309027778,0.0,42.82172309027778
"ID_00091_UAV_dji.phantom.4.pro.hawk.1_[Lat=39.54193035860856,Lon=22.644614169849085,Alt=4.900000095367432]_DATE_03_07_2019_14_40_00",37.920572916666664,0.0,37.920572916666664
"ID_00092_UAV_dji.phantom.4.pro.hawk.1_[Lat=39.54193024896868,Lon=22.644621219879035,Alt=4.900000095367432]_DATE_03_07_2019_14_40_01",42.72113715277778,0.0,42.72113715277778
"ID_00093_UAV_dji.phantom.4.pro.hawk.1_[Lat=39.54193021155355,Lon=22.644624796730177,Alt=4.900000095367432]_DATE_03_07_2019_14_40_02",42.95757378472222,0.0,42.95757378472222
"ID_00094_UAV_dji.phantom.4.pro.hawk.1_[Lat=39.541929993003336,Lon=22.64465317939861,Alt=5.0]_DATE_03_07_2019_14_40_04",47.52875434027778,0.008355034722222222,47.52039930555556
"ID_00095_UAV_dji.phantom.4.pro.hawk.1_[Lat=39.5419318535462,Lon=22.644732591253064,Alt=5.0]_DATE_03_07_2019_14_40_07",44.97764756944444,0.0,44.97764756944444
"ID_00096_UAV_dji.phantom.4.pro.hawk.1_[Lat=39.54193248783165,Lon=22.644830630289068,Alt=4.900000095367432]_DATE_03_07_2019_14_40_10",47.22601996527778,0.0,47.22601996527778
"ID_00097_UAV_dji.phantom.4.pro.hawk.1_[Lat=39.54193245666975,Lon=22.644834155659538,Alt=5.0]_DATE_03_07_2019_14_40_11",43.62543402777778,0.0,43.62543402777778
"ID_00098_UAV_dji.phantom.4.pro.hawk.1_[Lat=39.54193299434287,Lon=22.645030887549375,Alt=4.900000095367432]_DATE_03_07_2019_14_40_13",40.4716796875,0.2770182291666667,40.194661458333336
"ID_00099_UAV_dji.phantom.4.pro.hawk.1_[Lat=39.5419328658391,Lon=22.645034397055714,Alt=4.900000095367432]_DATE_03_07_2019_14_40_15",44.67860243055556,0.0,44.67860243055556
"ID_00100_UAV_dji.phantom.4.pro.hawk.1_[Lat=39.541930220203845,Lon=22.645153785110914,Alt=4.900000095367432]_DATE_03_07_2019_14_40_17",48.40245225694444,0.0,48.40245225694444
"ID_00101_UAV_dji.phantom.4.pro.hawk.1_[Lat=39.541930146415794,Lon=22.64515724276581,Alt=4.900000095367432]_DATE_03_07_2019_14_40_22",48.846354166666664,0.0,48.846354166666664
"ID_00102_UAV_dji.phantom.4.pro.hawk.1_[Lat=39.54193230982318,Lon=22.64534371619212,Alt=4.900000095367432]_DATE_03_07_2019_14_40_24",46.93402777777778,0.006293402777777778,46.927734375
"ID_00103_UAV_dji.phantom.4.pro.hawk.1_[Lat=39.54193219153301,Lon=22.64534728082299,Alt=4.900000095367432]_DATE_03_07_2019_14_40_25",45.86707899305556,0.0,45.86707899305556
"ID_00104_UAV_dji.phantom.4.pro.hawk.1_[Lat=39.54193193139885,Lon=22.645361331424116,Alt=4.900000095367432]_DATE_03_07_2019_14_40_27",44.4267578125,0.0,44.4267578125
"ID_00105_UAV_dji.phantom.4.pro.hawk.1_[Lat=39.54193183687094,Lon=22.645557531676616,Alt=4.900000095367432]_DATE_03_07_2019_14_40_28",44.15440538194444,0.0,44.15440538194444
"ID_00106_UAV_dji.phantom.4.pro.hawk.1_[Lat=39.541931716392135,Lon=22.645561071289258,Alt=4.900000095367432]_DATE_03_07_2019_14_40_29",47.22547743055556,0.0,47.22547743055556
"ID_00107_UAV_dji.phantom.4.pro.hawk.1_[Lat=39.54193165010795,Lon=22.64556458783892,Alt=4.900000095367432]_DATE_03_07_2019_14_40_29",48.749782986111114,0.0,48.749782986111114
"ID_00108_UAV_dji.phantom.4.pro.hawk.1_[Lat=39.54193255505382,Lon=22.645687691873043,Alt=5.0]_DATE_03_07_2019_14_40_30",48.9375,0.0,48.9375
"ID_00109_UAV_dji.phantom.4.pro.hawk.1_[Lat=39.54193244676881,Lon=22.645691290765114,Alt=5.0]_DATE_03_07_2019_14_40_31",47.477864583333336,0.0,47.477864583333336
"ID_00110_UAV_dji.phantom.4.pro.hawk.1_[Lat=39.541930847402305,Lon=22.645747946119535,Alt=5.0]_DATE_03_07_2019_14_40_32",48.7197265625,0.0,48.7197265625
"ID_00111_UAV_dji.phantom.4.pro.hawk.1_[Lat=39.54193005334696,Lon=22.645817738398737,Alt=5.0]_DATE_03_07_2019_14_40_36",48.175455729166664,0.0,48.175455729166664
"ID_00112_UAV_dji.phantom.4.pro.hawk.1_[Lat=39.54193291242563,Lon=22.64588705755348,Alt=5.0]_DATE_03_07_2019_14_40_39",51.763454861111114,0.0,51.763454861111114
"ID_00113_UAV_dji.phantom.4.pro.hawk.1_[Lat=39.54193272003474,Lon=22.645962377483478,Alt=5.0]_DATE_03_07_2019_14_40_43",52.47211371527778,0.0,52.47211371527778
"ID_00114_UAV_dji.phantom.4.pro.hawk.1_[Lat=39.541933951503175,Lon=22.646041640206185,Alt=5.0]_DATE_03_07_2019_14_40_45",46.46006944444444,0.0,46.46006944444444
"ID_00115_UAV_dji.phantom.4.pro.hawk.1_[Lat=39.54193493669876,Lon=22.64617081087172,Alt=4.900000095367432]_DATE_03_07_2019_14_40_48",42.679470486111114,0.0,42.679470486111114
"ID_00116_UAV_dji.phantom.4.pro.hawk.1_[Lat=39.54193509084076,Lon=22.64617422028293,Alt=4.900000095367432]_DATE_03_07_2019_14_40_50",48.71625434027778,0.0,48.71625434027778
"ID_00117_UAV_dji.phantom.4.pro.hawk.1_[Lat=39.542019850595196,Lon=22.64618424623774,Alt=4.900000095367432]_DATE_03_07_2019_14_40_53",48.73589409722222,0.0,48.73589409722222
"ID_00118_UAV_dji.phantom.4.pro.hawk.1_[Lat=39.542022699877144,Lon=22.64618445100505,Alt=4.900000095367432]_DATE_03_07_2019_14_40_55",45.97026909722222,0.0,45.97026909722222
"ID_00119_UAV_dji.phantom.4.pro.hawk.1_[Lat=39.542103453815685,Lon=22.64615423867319,Alt=4.900000095367432]_DATE_03_07_2019_14_40_57",45.794704861111114,0.0,45.794704861111114
"ID_00120_UAV_dji.phantom.4.pro.hawk.1_[Lat=39.54210226914222,Lon=22.646142643191187,Alt=5.0]_DATE_03_07_2019_14_40_58",0.20616319444444445,0.0,0.20616319444444445
"ID_00121_UAV_dji.phantom.4.pro.hawk.1_[Lat=39.542100608077234,Lon=22.645996458619866,Alt=4.900000095367432]_DATE_03_07_2019_14_40_58",49.421657986111114,0.0,49.421657986111114
"ID_00122_UAV_dji.phantom.4.pro.hawk.1_[Lat=39.54210052282493,Lon=22.645968990205468,Alt=4.900000095367432]_DATE_03_07_2019_14_40_59",49.917643229166664,0.0,49.917643229166664
"ID_00123_UAV_dji.phantom.4.pro.hawk.1_[Lat=39.54210028092935,Lon=22.645903079750937,Alt=4.900000095367432]_DATE_03_07_2019_14_41_01",48.9912109375,0.0,48.9912109375
"ID_00124_UAV_dji.phantom.4.pro.hawk.1_[Lat=39.54209917400431,Lon=22.6458356688693,Alt=4.900000095367432]_DATE_03_07_2019_14_41_04",47.713650173611114,0.0,47.713650173611114
"ID_00125_UAV_dji.phantom.4.pro.hawk.1_[Lat=39.54210007384338,Lon=22.645766589454052,Alt=4.900000095367432]_DATE_03_07_2019_14_41_07",45.23350694444444,0.0,45.23350694444444
"ID_00126_UAV_dji.phantom.4.pro.hawk.1_[Lat=39.54210193198917,Lon=22.645691815525772,Alt=4.900000095367432]_DATE_03_07_2019_14_41_09",45.522677951388886,0.0,45.522677951388886
"ID_00127_UAV_dji.phantom.4.pro.hawk.1_[Lat=39.54210200254639,Lon=22.645622953631364,Alt=5.0]_DATE_03_07_2019_14_41_11",44.87879774305556,0.0,44.87879774305556
"ID_00128_UAV_dji.phantom.4.pro.hawk.1_[Lat=39.54210217419742,Lon=22.645552923301274,Alt=5.0]_DATE_03_07_2019_14_41_12",43.41417100694444,0.0,43.41417100694444
"ID_00129_UAV_dji.phantom.4.pro.hawk.1_[Lat=39.542102571277205,Lon=22.645483517538135,Alt=5.0]_DATE_03_07_2019_14_41_15",44.39659288194444,0.0,44.39659288194444
"ID_00130_UAV_dji.phantom.4.pro.hawk.1_[Lat=39.54210323140932,Lon=22.645413601345382,Alt=5.0]_DATE_03_07_2019_14_41_17",47.61859809027778,1.9027777777777777,45.7158203125
"ID_00131_UAV_dji.phantom.4.pro.hawk.1_[Lat=39.54210314230086,Lon=22.645346882175524,Alt=5.0]_DATE_03_07_2019_14_41_20",45.231119791666664,0.4371744791666667,44.7939453125
"ID_00132_UAV_dji.phantom.4.pro.hawk.1_[Lat=39.542102829222735,Lon=22.645272584604523,Alt=5.0]_DATE_03_07_2019_14_41_22",45.084201388888886,0.7098524305555556,44.37434895833333
"ID_00133_UAV_dji.phantom.4.pro.hawk.1_[Lat=39.542103002332844,Lon=22.645203087633732,Alt=4.900000095367432]_DATE_03_07_2019_14_41_23",46.48198784722222,0.2162543402777778,46.26573350694444
"ID_00134_UAV_dji.phantom.4.pro.hawk.1_[Lat=39.54210377273016,Lon=22.645117252021556,Alt=5.0]_DATE_03_07_2019_14_41_25",51.15082465277778,0.7118055555555556,50.43901909722222
"ID_00135_UAV_dji.phantom.4.pro.hawk.1_[Lat=39.5421032925867,Lon=22.64506277085889,Alt=5.0]_DATE_03_07_2019_14_41_27",54.739583333333336,0.1665581597222222,54.573025173611114
"ID_00136_UAV_dji.phantom.4.pro.hawk.1_[Lat=39.54210393948282,Lon=22.644992056004764,Alt=5.0]_DATE_03_07_2019_14_41_27",53.635091145833336,0.6623263888888888,52.97276475694445
"ID_00137_UAV_dji.phantom.4.pro.hawk.1_[Lat=39.5421067057011,Lon=22.644924984468943,Alt=5.0]_DATE_03_07_2019_14_41_29",50.16948784722222,0.6537543402777778,49.51573350694444
"ID_00138_UAV_dji.phantom.4.pro.hawk.1_[Lat=39.54210701481885,Lon=22.644849797228876,Alt=5.0]_DATE_03_07_2019_14_41_31",46.08940972222222,0.0,46.08940972222222
"ID_00139_UAV_dji.phantom.4.pro.hawk.1_[Lat=39.542107345301794,Lon=22.644779798560403,Alt=5.099999904632568]_DATE_03_07_2019_14_41_35",45.03428819444444,0.0,45.03428819444444
"ID_00140_UAV_dji.phantom.4.pro.hawk.1_[Lat=39.54210674228246,Lon=22.644707725845294,Alt=5.0]_DATE_03_07_2019_14_41_38",43.615017361111114,0.0,43.615017361111114
"ID_00141_UAV_dji.phantom.4.pro.hawk.1_[Lat=39.54210710340621,Lon=22.644641749445736,Alt=5.0]_DATE_03_07_2019_14_41_41",44.223307291666664,0.0,44.223307291666664
"ID_00142_UAV_dji.phantom.4.pro.hawk.1_[Lat=39.54210676625316,Lon=22.644570296231713,Alt=5.0]_DATE_03_07_2019_14_41_43",41.787434895833336,0.0,41.787434895833336
"ID_00143_UAV_dji.phantom.4.pro.hawk.1_[Lat=39.54210585922288,Lon=22.644482717947774,Alt=5.0]_DATE_03_07_2019_14_41_46",38.900065104166664,0.0,38.900065104166664
"ID_00144_UAV_dji.phantom.4.pro.hawk.1_[Lat=39.542106241399146,Lon=22.644411160617047,Alt=4.900000095367432]_DATE_03_07_2019_14_41_49",41.983072916666664,0.0,41.983072916666664
"ID_00145_UAV_dji.phantom.4.pro.hawk.1_[Lat=39.54218646912881,Lon=22.644424401747415,Alt=5.0]_DATE_03_07_2019_14_41_49",40.52549913194444,0.0,40.52549913194444
"ID_00146_UAV_dji.phantom.4.pro.hawk.1_[Lat=39.542189351344405,Lon=22.64442459802719,Alt=5.099999904632568]_DATE_03_07_2019_14_41_51",41.56727430555556,0.0,41.56727430555556
"ID_00147_UAV_dji.phantom.4.pro.hawk.1_[Lat=39.54226945067451,Lon=22.64442726480141,Alt=5.0]_DATE_03_07_2019_14_41_54",42.834309895833336,0.0,42.834309895833336
"ID_00148_UAV_dji.phantom.4.pro.hawk.1_[Lat=39.54228269271211,Lon=22.644441385524676,Alt=5.0]_DATE_03_07_2019_14_41_57",44.90418836805556,0.0,44.90418836805556
"ID_00149_UAV_dji.phantom.4.pro.hawk.1_[Lat=39.54227989882331,Lon=22.644529174397213,Alt=5.0]_DATE_03_07_2019_14_41_57",43.13823784722222,0.0,43.13823784722222
"ID_00150_UAV_dji.phantom.4.pro.hawk.1_[Lat=39.54227810300132,Lon=22.644643009866716,Alt=4.900000095367432]_DATE_03_07_2019_14_41_58",44.15093315972222,0.0,44.15093315972222
"ID_00151_UAV_dji.phantom.4.pro.hawk.1_[Lat=39.542278121761,Lon=22.644646552367792,Alt=4.900000095367432]_DATE_03_07_2019_14_41_58",46.66102430555556,0.0,46.66102430555556
"ID_00152_UAV_dji.phantom.4.pro.hawk.1_[Lat=39.54227882686422,Lon=22.64469144808864,Alt=4.900000095367432]_DATE_03_07_2019_14_41_59",41.371419270833336,0.03439670138888889,41.33702256944445
"ID_00153_UAV_dji.phantom.4.pro.hawk.1_[Lat=39.54227914239153,Lon=22.644760839809578,Alt=4.900000095367432]_DATE_03_07_2019_14_42_01",36.7021484375,0.0,36.7021484375
"ID_00154_UAV_dji.phantom.4.pro.hawk.1_[Lat=39.54227850232185,Lon=22.6448305089751,Alt=4.900000095367432]_DATE_03_07_2019_14_42_05",45.66547309027778,0.0,45.66547309027778
"ID_00155_UAV_dji.phantom.4.pro.hawk.1_[Lat=39.542278233485284,Lon=22.644900129526167,Alt=5.0]_DATE_03_07_2019_14_42_06",47.66124131944444,0.0,47.66124131944444
"ID_00156_UAV_dji.phantom.4.pro.hawk.1_[Lat=39.54227870268559,Lon=22.644969548798258,Alt=5.0]_DATE_03_07_2019_14_42_09",46.709743923611114,0.0,46.709743923611114
"ID_00157_UAV_dji.phantom.4.pro.hawk.1_[Lat=39.54227988350291,Lon=22.645040147104332,Alt=5.0]_DATE_03_07_2019_14_42_11",48.96983506944444,0.0,48.96983506944444
"ID_00158_UAV_dji.phantom.4.pro.hawk.1_[Lat=39.54228028678381,Lon=22.645109902500533,Alt=4.900000095367432]_DATE_03_07_2019_14_42_13",44.79578993055556,1.1557074652777777,43.64008246527778
"ID_00159_UAV_dji.phantom.4.pro.hawk.1_[Lat=39.54228062602126,Lon=22.645181976164107,Alt=4.900000095367432]_DATE_03_07_2019_14_42_16",46.426432291666664,2.438693576388889,43.98773871527778
"ID_00160_UAV_dji.phantom.4.pro.hawk.1_[Lat=39.54228158959111,Lon=22.645250989174674,Alt=4.900000095367432]_DATE_03_07_2019_14_42_19",48.596462673611114,0.0,48.596462673611114
"ID_00161_UAV_dji.phantom.4.pro.hawk.1_[Lat=39.542281001631636,Lon=22.645321084827657,Alt=5.0]_DATE_03_07_2019_14_42_22",52.215060763888886,2.3091362847222223,49.905924479166664
"ID_00162_UAV_dji.phantom.4.pro.hawk.1_[Lat=39.5422813419113,Lon=22.645436838479792,Alt=5.0]_DATE_03_07_2019_14_42_23",51.912760416666664,3.3696831597222223,48.54307725694444
"ID_00163_UAV_dji.phantom.4.pro.hawk.1_[Lat=39.54227890013117,Lon=22.645515466526057,Alt=5.0]_DATE_03_07_2019_14_42_26",50.5927734375,3.1022135416666665,47.490559895833336
"ID_00164_UAV_dji.phantom.4.pro.hawk.1_[Lat=39.542279083507,Lon=22.645575137487896,Alt=5.0]_DATE_03_07_2019_14_42_27",48.714192708333336,6.225260416666667,42.48893229166667
"ID_00165_UAV_dji.phantom.4.pro.hawk.1_[Lat=39.54227935703348,Lon=22.645651256268124,Alt=5.0]_DATE_03_07_2019_14_42_28",50.68500434027778,3.4330512152777777,47.251953125
"ID_00166_UAV_dji.phantom.4.pro.hawk.1_[Lat=39.542280228420374,Lon=22.645707288255405,Alt=5.0]_DATE_03_07_2019_14_42_28",51.485026041666664,3.8568793402777777,47.628146701388886
"ID_00167_UAV_dji.phantom.4.pro.hawk.1_[Lat=39.542280769949656,Lon=22.645747994867307,Alt=5.0]_DATE_03_07_2019_14_42_30",49.22504340277778,3.6928168402777777,45.5322265625
"ID_00168_UAV_dji.phantom.4.pro.hawk.1_[Lat=39.54230450578458,Lon=22.645749401931546,Alt=5.099999904632568]_DATE_03_07_2019_14_42_32",50.120442708333336,0.3573133680555556,49.76312934027778
"ID_00169_UAV_dji.phantom.4.pro.hawk.1_[Lat=39.54235950029249,Lon=22.645742042573204,Alt=5.099999904632568]_DATE_03_07_2019_14_42_35",49.14366319444444,0.6700303819444444,48.4736328125
"ID_00170_UAV_dji.phantom.4.pro.hawk.1_[Lat=39.54241457364314,Lon=22.645743751011544,Alt=5.0]_DATE_03_07_2019_14_42_37",50.82172309027778,0.0,50.82172309027778
"ID_00171_UAV_dji.phantom.4.pro.hawk.1_[Lat=39.542458038038006,Lon=22.645743240870775,Alt=5.0]_DATE_03_07_2019_14_42_39",59.856119791666664,0.0,59.856119791666664
"ID_00172_UAV_dji.phantom.4.pro.hawk.1_[Lat=39.54245036439301,Lon=22.64568662870946,Alt=5.0]_DATE_03_07_2019_14_42_42",55.13519965277778,0.0,55.13519965277778
"ID_00173_UAV_dji.phantom.4.pro.hawk.1_[Lat=39.54244822829137,Lon=22.645611406186134,Alt=4.900000095367432]_DATE_03_07_2019_14_42_44",46.311197916666664,0.0,46.311197916666664
"ID_00174_UAV_dji.phantom.4.pro.hawk.1_[Lat=39.54244811839094,Lon=22.64553941692437,Alt=4.900000095367432]_DATE_03_07_2019_14_42_46",46.368815104166664,0.0,46.368815104166664
"ID_00175_UAV_dji.phantom.4.pro.hawk.1_[Lat=39.5424479716486,Lon=22.64547362071826,Alt=4.900000095367432]_DATE_03_07_2019_14_42_48",50.367404513888886,0.00390625,50.363498263888886
"ID_00176_UAV_dji.phantom.4.pro.hawk.1_[Lat=39.542448268989446,Lon=22.645401432777106,Alt=4.900000095367432]_DATE_03_07_2019_14_42_52",48.59364149305556,0.027886284722222224,48.565755208333336
"ID_00177_UAV_dji.phantom.4.pro.hawk.1_[Lat=39.54244840442387,Lon=22.645332618430654,Alt=4.900000095367432]_DATE_03_07_2019_14_42_54",47.958658854166664,1.5349392361111112,46.42371961805555
"ID_00178_UAV_dji.phantom.4.pro.hawk.1_[Lat=39.54244922411745,Lon=22.645222065848117,Alt=4.900000095367432]_DATE_03_07_2019_14_42_57",50.55284288194444,0.2950303819444444,50.2578125
"ID_00179_UAV_dji.phantom.4.pro.hawk.1_[Lat=39.54244953485062,Lon=22.64512810947972,Alt=4.900000095367432]_DATE_03_07_2019_14_42_58",47.0478515625,0.0,47.0478515625
"ID_00180_UAV_dji.phantom.4.pro.hawk.1_[Lat=39.542450457670284,Lon=22.645034017294122,Alt=5.0]_DATE_03_07_2019_14_42_58",46.54047309027778,0.0,46.54047309027778
"ID_00181_UAV_dji.phantom.4.pro.hawk.1_[Lat=39.54245048565347,Lon=22.645030463950338,Alt=5.0]_DATE_03_07_2019_14_42_59",45.73231336805556,0.0322265625,45.70008680555556
"ID_00182_UAV_dji.phantom.4.pro.hawk.1_[Lat=39.542450018746,Lon=22.644981928666137,Alt=4.900000095367432]_DATE_03_07_2019_14_43_00",42.426974826388886,0.3908420138888889,42.0361328125
"ID_00183_UAV_dji.phantom.4.pro.hawk.1_[Lat=39.542451006911875,Lon=22.644911984033477,Alt=4.900000095367432]_DATE_03_07_2019_14_43_02",41.03081597222222,0.0,41.03081597222222
"ID_00184_UAV_dji.phantom.4.pro.hawk.1_[Lat=39.54245366995194,Lon=22.644856089446485,Alt=4.900000095367432]_DATE_03_07_2019_14_43_06",32.6728515625,0.0,32.6728515625
"ID_00185_UAV_dji.phantom.4.pro.hawk.1_[Lat=39.54250017044385,Lon=22.644865573576695,Alt=5.0]_DATE_03_07_2019_14_43_08",38.197048611111114,0.0,38.197048611111114
"ID_00186_UAV_dji.phantom.4.pro.hawk.1_[Lat=39.5425572642636,Lon=22.644868443140762,Alt=5.0]_DATE_03_07_2019_14_43_11",36.66948784722222,0.0,36.66948784722222
"ID_00187_UAV_dji.phantom.4.pro.hawk.1_[Lat=39.54261113579653,Lon=22.64486757250199,Alt=5.0]_DATE_03_07_2019_14_43_12",35.13292100694444,0.0,35.13292100694444
"ID_00188_UAV_dji.phantom.4.pro.hawk.1_[Lat=39.54262720905988,Lon=22.644899412929473,Alt=5.0]_DATE_03_07_2019_14_43_16",39.73328993055556,0.0,39.73328993055556
"ID_00189_UAV_dji.phantom.4.pro.hawk.1_[Lat=39.542625897758604,Lon=22.64496170014026,Alt=4.900000095367432]_DATE_03_07_2019_14_43_19",43.13856336805556,0.0,43.13856336805556
"ID_00190_UAV_dji.phantom.4.pro.hawk.1_[Lat=39.54262593006693,Lon=22.645067221015047,Alt=4.900000095367432]_DATE_03_07_2019_14_43_22",45.045572916666664,0.8365885416666666,44.208984375
"ID_00191_UAV_dji.phantom.4.pro.hawk.1_[Lat=39.54262753683309,Lon=22.64517786753953,Alt=4.900000095367432]_DATE_03_07_2019_14_43_23",54.970920138888886,0.0,54.970920138888886
"ID_00192_UAV_dji.phantom.4.pro.hawk.1_[Lat=39.54262758240346,Lon=22.6451813086554,Alt=4.900000095367432]_DATE_03_07_2019_14_43_25",43.50336371527778,2.654296875,40.84906684027778
"ID_00193_UAV_dji.phantom.4.pro.hawk.1_[Lat=39.54262905300564,Lon=22.645331020907935,Alt=4.900000095367432]_DATE_03_07_2019_14_43_27",44.5703125,1.2595486111111112,43.310763888888886
"ID_00194_UAV_dji.phantom.4.pro.hawk.1_[Lat=39.542629069628795,Lon=22.645334466268956,Alt=4.900000095367432]_DATE_03_07_2019_14_43_28",43.576931423611114,1.3782552083333333,42.19867621527778
"ID_00195_UAV_dji.phantom.4.pro.hawk.1_[Lat=39.54262912510011,Lon=22.645460848712993,Alt=5.0]_DATE_03_07_2019_14_43_29",42.725368923611114,0.5804036458333334,42.14496527777778
"ID_00196_UAV_dji.phantom.4.pro.hawk.1_[Lat=39.542629059623636,Lon=22.645464288074976,Alt=5.0]_DATE_03_07_2019_14_43_29",44.495334201388886,3.7593315972222223,40.736002604166664
"ID_00197_UAV_dji.phantom.4.pro.hawk.1_[Lat=39.542628004860916,Lon=22.645521242026163,Alt=5.0]_DATE_03_07_2019_14_43_30",51.02137586805556,1.3072916666666667,49.71408420138889
"ID_00198_UAV_dji.phantom.4.pro.hawk.1_[Lat=39.542626450361304,Lon=22.64559300499073,Alt=5.0]_DATE_03_07_2019_14_43_32",49.715060763888886,3.3266059027777777,46.38845486111111
"ID_00199_UAV_dji.phantom.4.pro.hawk.1_[Lat=39.542625790620015,Lon=22.645665849493728,Alt=5.0]_DATE_03_07_2019_14_43_36",54.84071180555556,2.345703125,52.49500868055556
"ID_00200_UAV_dji.phantom.4.pro.hawk.1_[Lat=39.54262724209775,Lon=22.645737738415956,Alt=5.0]_DATE_03_07_2019_14_43_39",55.17881944444444,0.5077039930555556,54.671115451388886
"ID_00201_UAV_dji.phantom.4.pro.hawk.1_[Lat=39.542627787040246,Lon=22.645809262729742,Alt=5.0]_DATE_03_07_2019_14_43_41",52.191080729166664,0.4361979166666667,51.7548828125
"ID_00202_UAV_dji.phantom.4.pro.hawk.1_[Lat=39.54262757609813,Lon=22.645890716124914,Alt=4.900000095367432]_DATE_03_07_2019_14_43_43",29.548719618055557,1.2641059027777777,28.28461371527778
"ID_00203_UAV_dji.phantom.4.pro.hawk.1_[Lat=39.54262703292737,Lon=22.64594379662787,Alt=4.900000095367432]_DATE_03_07_2019_14_43_45",4.178168402777778,5.727864583333333,0.0
"ID_00204_UAV_dji.phantom.4.pro.hawk.1_[Lat=39.542614268922776,Lon=22.645979316734515,Alt=5.0]_DATE_03_07_2019_14_43_47",15.34299045138889,3.3111979166666665,12.031792534722223
"ID_00205_UAV_dji.phantom.4.pro.hawk.1_[Lat=39.54254211045881,Lon=22.645969685649987,Alt=5.0]_DATE_03_07_2019_14_43_49",22.5732421875,0.9204644097222222,21.65277777777778
"ID_00206_UAV_dji.phantom.4.pro.hawk.1_[Lat=39.54249635915536,Lon=22.645965651005273,Alt=5.0]_DATE_03_07_2019_14_43_52",44.443142361111114,0.0,44.443142361111114
"ID_00207_UAV_dji.phantom.4.pro.hawk.1_[Lat=39.54243717118269,Lon=22.645970461081742,Alt=5.0]_DATE_03_07_2019_14_43_55",50.741427951388886,0.0,50.741427951388886
"ID_00208_UAV_dji.phantom.4.pro.hawk.1_[Lat=39.542364490001226,Lon=22.645970417888638,Alt=5.0]_DATE_03_07_2019_14_43_57",64.81521267361111,1.0085720486111112,63.806640625
"ID_00209_UAV_dji.phantom.4.pro.hawk.1_[Lat=39.54229897037774,Lon=22.645973543789555,Alt=5.0]_DATE_03_07_2019_14_43_58",48.90776909722222,0.0,48.90776909722222
"ID_00210_UAV_dji.phantom.4.pro.hawk.1_[Lat=39.54227537513616,Lon=22.64599929514477,Alt=5.0]_DATE_03_07_2019_14_43_58",43.209309895833336,0.0,43.209309895833336
"ID_00211_UAV_dji.phantom.4.pro.hawk.1_[Lat=39.54227612026002,Lon=22.646002663051494,Alt=5.0]_DATE_03_07_2019_14_43_59",44.099283854166664,0.0,44.099283854166664
"ID_00212_UAV_dji.phantom.4.pro.hawk.1_[Lat=39.54228413564376,Lon=22.646078234719074,Alt=5.0]_DATE_03_07_2019_14_44_00",54.165364583333336,0.0,54.165364583333336
"ID_00213_UAV_dji.phantom.4.pro.hawk.1_[Lat=39.54227904452856,Lon=22.646150614362956,Alt=4.900000095367432]_DATE_03_07_2019_14_44_02",48.0283203125,0.0,48.0283203125
"ID_00214_UAV_dji.phantom.4.pro.hawk.1_[Lat=39.54227717794091,Lon=22.646219141910752,Alt=4.900000095367432]_DATE_03_07_2019_14_44_07",51.023220486111114,0.0,51.023220486111114
"ID_00215_UAV_dji.phantom.4.pro.hawk.1_[Lat=39.54227954676674,Lon=22.646288712936393,Alt=5.0]_DATE_03_07_2019_14_44_09",46.62391493055556,0.0,46.62391493055556
"ID_00216_UAV_dji.phantom.4.pro.hawk.1_[Lat=39.54227786027197,Lon=22.64636220982412,Alt=5.0]_DATE_03_07_2019_14_44_12",24.0712890625,5.34375,18.7275390625
"ID_00217_UAV_dji.phantom.4.pro.hawk.1_[Lat=39.54227710290221,Lon=22.646425046636054,Alt=5.0]_DATE_03_07_2019_14_44_14",20.352864583333332,5.651041666666667,14.701822916666664
"ID_00218_UAV_dji.phantom.4.pro.hawk.1_[Lat=39.54223551853943,Lon=22.64642433688271,Alt=5.0]_DATE_03_07_2019_14_44_17",19.24077690972222,6.034396701388889,13.206380208333332
"ID_00219_UAV_dji.phantom.4.pro.hawk.1_[Lat=39.54215672712343,Lon=22.64641393321042,Alt=5.0]_DATE_03_07_2019_14_44_20",37.20160590277778,0.0,37.20160590277778
"ID_00220_UAV_dji.phantom.4.pro.hawk.1_[Lat=39.542075776729405,Lon=22.646418431603323,Alt=5.0]_DATE_03_07_2019_14_44_22",44.02387152777778,0.0,44.02387152777778
"ID_00221_UAV_dji.phantom.4.pro.hawk.1_[Lat=39.54206735957596,Lon=22.646418655656436,Alt=5.0]_DATE_03_07_2019_14_44_23",52.21875,0.0,52.21875
"ID_00222_UAV_dji.phantom.4.pro.hawk.1_[Lat=39.54194613830905,Lon=22.64641676395847,Alt=4.900000095367432]_DATE_03_07_2019_14_44_26",52.42100694444444,0.0,52.42100694444444
"ID_00223_UAV_dji.phantom.4.pro.hawk.1_[Lat=39.54193796888754,Lon=22.646416522930284,Alt=5.0]_DATE_03_07_2019_14_44_27",51.598415798611114,0.0,51.598415798611114
"ID_00224_UAV_dji.phantom.4.pro.hawk.1_[Lat=39.54183592563622,Lon=22.646419560312,Alt=5.0]_DATE_03_07_2019_14_44_28",45.45030381944444,0.0,45.45030381944444
"ID_00225_UAV_dji.phantom.4.pro.hawk.1_[Lat=39.54179345779697,Lon=22.646422431320282,Alt=5.0]_DATE_03_07_2019_14_44_29",44.4365234375,0.0,44.4365234375
"ID_00226_UAV_dji.phantom.4.pro.hawk.1_[Lat=39.541749626650464,Lon=22.646418697960794,Alt=4.900000095367432]_DATE_03_07_2019_14_44_31",51.488932291666664,0.0,51.488932291666664
"ID_00227_UAV_dji.phantom.4.pro.hawk.1_[Lat=39.54175203831088,Lon=22.64635114927893,Alt=4.900000095367432]_DATE_03_07_2019_14_44_34",50.419162326388886,0.0,50.419162326388886
"ID_00228_UAV_dji.phantom.4.pro.hawk.1_[Lat=39.54175574480575,Lon=22.646280737765263,Alt=4.900000095367432]_DATE_03_07_2019_14_44_37",49.49663628472222,0.0,49.49663628472222
"ID_00229_UAV_dji.phantom.4.pro.hawk.1_[Lat=39.541755312082586,Lon=22.6462116238222,Alt=4.900000095367432]_DATE_03_07_2019_14_44_39",48.94325086805556,0.0,48.94325086805556
"ID_00230_UAV_dji.phantom.4.pro.hawk.1_[Lat=39.54175433876812,Lon=22.646140932353227,Alt=4.900000095367432]_DATE_03_07_2019_14_44_41",50.32421875,0.0,50.32421875
"ID_00231_UAV_dji.phantom.4.pro.hawk.1_[Lat=39.54175308937378,Lon=22.64606655089562,Alt=4.900000095367432]_DATE_03_07_2019_14_44_43",48.15972222222222,0.0,48.15972222222222
"ID_00232_UAV_dji.phantom.4.pro.hawk.1_[Lat=39.541753271551066,Lon=22.645996861400004,Alt=4.900000095367432]_DATE_03_07_2019_14_44_45",50.75640190972222,0.0,50.75640190972222
"ID_00233_UAV_dji.phantom.4.pro.hawk.1_[Lat=39.541743611152285,Lon=22.645966077070575,Alt=5.0]_DATE_03_07_2019_14_44_48",46.11566840277778,0.0,46.11566840277778
"ID_00234_UAV_dji.phantom.4.pro.hawk.1_[Lat=39.54168750940668,Lon=22.645973817257005,Alt=5.0]_DATE_03_07_2019_14_44_50",51.974392361111114,0.0,51.974392361111114
"ID_00235_UAV_dji.phantom.4.pro.hawk.1_[Lat=39.54161443494947,Lon=22.645974272117712,Alt=4.900000095367432]_DATE_03_07_2019_14_44_53",49.880859375,0.0,49.880859375
"ID_00236_UAV_dji.phantom.4.pro.hawk.1_[Lat=39.54156691575511,Lon=22.64597397945333,Alt=5.0]_DATE_03_07_2019_14_44_55",44.903537326388886,0.0,44.903537326388886
"ID_00237_UAV_dji.phantom.4.pro.hawk.1_[Lat=39.54148944413435,Lon=22.64597508692096,Alt=5.0]_DATE_03_07_2019_14_44_57",48.782443576388886,0.0,48.782443576388886
"ID_00238_UAV_dji.phantom.4.pro.hawk.1_[Lat=39.54142500569346,Lon=22.645975014576948,Alt=5.0]_DATE_03_07_2019_14_44_58",46.79437934027778,0.0,46.79437934027778
"ID_00239_UAV_dji.phantom.4.pro.hawk.1_[Lat=39.54140182384215,Lon=22.64595917355057,Alt=4.900000095367432]_DATE_03_07_2019_14_44_59",47.648220486111114,0.0,47.648220486111114
"ID_00240_UAV_dji.phantom.4.pro.hawk.1_[Lat=39.541408339494104,Lon=22.645871307623672,Alt=4.900000095367432]_DATE_03_07_2019_14_45_01",47.53461371527778,0.0,47.53461371527778
"ID_00241_UAV_dji.phantom.4.pro.hawk.1_[Lat=39.541409415986784,Lon=22.645729935172934,Alt=4.900000095367432]_DATE_03_07_2019_14_45_07",46.39051649305556,0.0,46.39051649305556
"ID_00242_UAV_dji.phantom.4.pro.hawk.1_[Lat=39.54140911697841,Lon=22.64566090032836,Alt=4.900000095367432]_DATE_03_07_2019_14_45_10",48.30653211805556,0.0,48.30653211805556
"ID_00243_UAV_dji.phantom.4.pro.hawk.1_[Lat=39.54140940327189,Lon=22.645590729709557,Alt=4.900000095367432]_DATE_03_07_2019_14_45_12",47.0419921875,0.0,47.0419921875
"ID_00244_UAV_dji.phantom.4.pro.hawk.1_[Lat=39.541407982956066,Lon=22.6455206834709,Alt=4.900000095367432]_DATE_03_07_2019_14_45_13",48.121419270833336,0.0,48.121419270833336
"ID_00245_UAV_dji.phantom.4.pro.hawk.1_[Lat=39.541371421496216,Lon=22.64552667522537,Alt=5.0]_DATE_03_07_2019_14_45_16",45.97406684027778,0.0,45.97406684027778
"ID_00246_UAV_dji.phantom.4.pro.hawk.1_[Lat=39.54131262033762,Lon=22.645528666996253,Alt=5.0]_DATE_03_07_2019_14_45_19",44.22059461805556,0.0,44.22059461805556
"ID_00247_UAV_dji.phantom.4.pro.hawk.1_[Lat=39.54125714735378,Lon=22.645528205825435,Alt=5.0]_DATE_03_07_2019_14_45_21",47.289713541666664,0.0,47.289713541666664
"ID_00248_UAV_dji.phantom.4.pro.hawk.1_[Lat=39.541178470736575,Lon=22.645529532169235,Alt=5.0]_DATE_03_07_2019_14_45_25",46.49131944444444,0.0,46.49131944444444
"ID_00249_UAV_dji.phantom.4.pro.hawk.1_[Lat=39.54112087478287,Lon=22.645529437406584,Alt=5.0]_DATE_03_07_2019_14_45_28",45.962673611111114,0.0,45.962673611111114
"ID_00250_UAV_dji.phantom.4.pro.hawk.1_[Lat=39.54105546021356,Lon=22.645489816643536,Alt=5.0]_DATE_03_07_2019_14_45_28",23.339735243055557,0.6204427083333334,22.719292534722225
"ID_00251_UAV_dji.phantom.4.pro.hawk.1_[Lat=39.54105588272313,Lon=22.645486262966468,Alt=5.0]_DATE_03_07_2019_14_45_29",19.830403645833332,5.289496527777778,14.540907118055554
"ID_00252_UAV_dji.phantom.4.pro.hawk.1_[Lat=39.54106240921401,Lon=22.645389758196618,Alt=4.900000095367432]_DATE_03_07_2019_14_45_29",22.679036458333332,0.0,22.679036458333332
"ID_00253_UAV_dji.phantom.4.pro.hawk.1_[Lat=39.54106256825436,Lon=22.64538609091547,Alt=4.900000095367432]_DATE_03_07_2019_14_45_30",44.62315538194444,0.0,44.62315538194444
"ID_00254_UAV_dji.phantom.4.pro.hawk.1_[Lat=39.54106399836691,Lon=22.64531958914424,Alt=4.900000095367432]_DATE_03_07_2019_14_45_31",48.032877604166664,0.0,48.032877604166664
"ID_00255_UAV_dji.phantom.4.pro.hawk.1_[Lat=39.541063325728345,Lon=22.645248608165932,Alt=4.900000095367432]_DATE_03_07_2019_14_45_34",46.440646701388886,0.0,46.440646701388886
"ID_00256_UAV_dji.phantom.4.pro.hawk.1_[Lat=39.54106356460154,Lon=22.645176073718986,Alt=4.900000095367432]_DATE_03_07_2019_14_45_37",45.32432725694444,0.0,45.32432725694444
"ID_00257_UAV_dji.phantom.4.pro.hawk.1_[Lat=39.54106489633001,Lon=22.645106443752756,Alt=4.900000095367432]_DATE_03_07_2019_14_45_40",49.498046875,0.0,49.498046875
"ID_00258_UAV_dji.phantom.4.pro.hawk.1_[Lat=39.54106423557258,Lon=22.645035901115577,Alt=4.900000095367432]_DATE_03_07_2019_14_45_42",46.220703125,0.0,46.220703125
"ID_00259_UAV_dji.phantom.4.pro.hawk.1_[Lat=39.54106509664165,Lon=22.644965264793356,Alt=4.900000095367432]_DATE_03_07_2019_14_45_45",45.369357638888886,0.0,45.369357638888886
"ID_00260_UAV_dji.phantom.4.pro.hawk.1_[Lat=39.541064668504184,Lon=22.644887984443024,Alt=4.900000095367432]_DATE_03_07_2019_14_45_48",95.03190104166667,0.0,95.03190104166667
"ID_00261_UAV_dji.phantom.4.pro.hawk.1_[Lat=39.541063660692764,Lon=22.64479158454532,Alt=4.900000095367432]_DATE_03_07_2019_14_45_58",41.084635416666664,0.0,41.084635416666664
"ID_00262_UAV_dji.phantom.4.pro.hawk.1_[Lat=39.54088448828897,Lon=22.644641804370302,Alt=5.0]_DATE_03_07_2019_14_46_00",40.551432291666664,0.0,40.551432291666664
"ID_00263_UAV_dji.phantom.4.pro.hawk.1_[Lat=39.54087900129252,Lon=22.644641774463963,Alt=4.900000095367432]_DATE_03_07_2019_14_46_05",39.068033854166664,0.0,39.068033854166664
"ID_00264_UAV_dji.phantom.4.pro.hawk.1_[Lat=39.54087620922758,Lon=22.644641760821695,Alt=4.900000095367432]_DATE_03_07_2019_14_46_08",40.616970486111114,0.0,40.616970486111114
"ID_00265_UAV_dji.phantom.4.pro.hawk.1_[Lat=39.54087340444775,Lon=22.644641739891703,Alt=4.900000095367432]_DATE_03_07_2019_14_46_10",38.10557725694444,0.0,38.10557725694444
"ID_00266_UAV_dji.phantom.4.pro.hawk.1_[Lat=39.540870610923726,Lon=22.644641727982496,Alt=4.900000095367432]_DATE_03_07_2019_14_46_15",38.100260416666664,0.0,38.100260416666664
"ID_00267_UAV_dji.phantom.4.pro.hawk.1_[Lat=39.54086784512233,Lon=22.644641747446055,Alt=4.900000095367432]_DATE_03_07_2019_14_46_18",40.646809895833336,0.0,40.646809895833336
"ID_00268_UAV_dji.phantom.4.pro.hawk.1_[Lat=39.540718340102096,Lon=22.644235406189065,Alt=5.0]_DATE_03_07_2019_14_46_22",37.974934895833336,0.0,37.974934895833336
"ID_00269_UAV_dji.phantom.4.pro.hawk.1_[Lat=39.540718301957426,Lon=22.644228528353846,Alt=5.0]_DATE_03_07_2019_14_46_24",38.40483940972222,0.0,38.40483940972222
"ID_00270_UAV_dji.phantom.4.pro.hawk.1_[Lat=39.540718273817916,Lon=22.644225065617817,Alt=4.900000095367432]_DATE_03_07_2019_14_46_27",41.618815104166664,0.0,41.618815104166664
"ID_00271_UAV_dji.phantom.4.pro.hawk.1_[Lat=39.540718234839474,Lon=22.64422165416249,Alt=4.900000095367432]_DATE_03_07_2019_14_46_27",36.508029513888886,0.0,36.508029513888886
"ID_00272_UAV_dji.phantom.4.pro.hawk.1_[Lat=39.54071820169739,Lon=22.64421821711125,Alt=4.900000095367432]_DATE_03_07_2019_14_46_28",42.16710069444444,0.0,42.16710069444444
"ID_00273_UAV_dji.phantom.4.pro.hawk.1_[Lat=39.54081008491725,Lon=22.643980389216125,Alt=5.0]_DATE_03_07_2019_14_46_29",37.249782986111114,0.0,37.249782986111114
"ID_00274_UAV_dji.phantom.4.pro.hawk.1_[Lat=39.540812635816145,Lon=22.643980494443767,Alt=5.0]_DATE_03_07_2019_14_46_29",34.68012152777778,0.0,34.68012152777778
"ID_00275_UAV_dji.phantom.4.pro.hawk.1_[Lat=39.540815211311056,Lon=22.643980613713612,Alt=5.0]_DATE_03_07_2019_14_46_30",38.2119140625,0.0,38.2119140625
"ID_00276_UAV_dji.phantom.4.pro.hawk.1_[Lat=39.54081788248032,Lon=22.64398072773985,Alt=5.0]_DATE_03_07_2019_14_46_31",40.5927734375,0.0,40.5927734375
"ID_00277_UAV_dji.phantom.4.pro.hawk.1_[Lat=39.54082057095016,Lon=22.64398085323093,Alt=5.0]_DATE_03_07_2019_14_46_31",35.96918402777778,0.0,35.96918402777778
"ID_00278_UAV_dji.phantom.4.pro.hawk.1_[Lat=39.540823192927384,Lon=22.643980952770594,Alt=5.0]_DATE_03_07_2019_14_46_31",51.534396701388886,0.0,51.534396701388886
"ID_00279_UAV_dji.phantom.4.pro.hawk.1_[Lat=39.54088963302557,Lon=22.64398290392574,Alt=4.900000095367432]_DATE_03_07_2019_14_46_32",53.585286458333336,0.0,53.585286458333336
"ID_00280_UAV_dji.phantom.4.pro.hawk.1_[Lat=39.54088989003312,Lon=22.643983992107557,Alt=4.900000095367432]_DATE_03_07_2019_14_46_35",35.341145833333336,0.0,35.341145833333336
"ID_00281_UAV_dji.phantom.4.pro.hawk.1_[Lat=39.540885727469714,Lon=22.64404470125919,Alt=4.900000095367432]_DATE_03_07_2019_14_46_38",37.48969184027778,0.0,37.48969184027778
"ID_00282_UAV_dji.phantom.4.pro.hawk.1_[Lat=39.54088680448349,Lon=22.644115068246638,Alt=4.900000095367432]_DATE_03_07_2019_14_46_40",39.858723958333336,0.0,39.858723958333336
"ID_00283_UAV_dji.phantom.4.pro.hawk.1_[Lat=39.54088676258688,Lon=22.64421486129148,Alt=4.900000095367432]_DATE_03_07_2019_14_46_44",40.354166666666664,0.0,40.354166666666664
"ID_00284_UAV_dji.phantom.4.pro.hawk.1_[Lat=39.54088649911767,Lon=22.64430072091649,Alt=5.0]_DATE_03_07_2019_14_46_47",42.31727430555556,0.0,42.31727430555556
"ID_00285_UAV_dji.phantom.4.pro.hawk.1_[Lat=39.540886848881385,Lon=22.644419760044062,Alt=4.900000095367432]_DATE_03_07_2019_14_46_50",43.397786458333336,0.0,43.397786458333336
"ID_00286_UAV_dji.phantom.4.pro.hawk.1_[Lat=39.54088685972031,Lon=22.644421570777183,Alt=4.900000095367432]_DATE_03_07_2019_14_46_52",38.6474609375,0.0,38.6474609375
"ID_00287_UAV_dji.phantom.4.pro.hawk.1_[Lat=39.5410230443292,Lon=22.644415278892858,Alt=4.900000095367432]_DATE_03_07_2019_14_46_56",37.92371961805556,0.0,37.92371961805556
"ID_00288_UAV_dji.phantom.4.pro.hawk.1_[Lat=39.541028437318836,Lon=22.644415367856432,Alt=4.900000095367432]_DATE_03_07_2019_14_46_57",44.445529513888886,0.0,44.445529513888886
"ID_00289_UAV_dji.phantom.4.pro.hawk.1_[Lat=39.54103113725293,Lon=22.644415390252853,Alt=4.900000095367432]_DATE_03_07_2019_14_46_58",38.07953559027778,0.0,38.07953559027778
"ID_00290_UAV_dji.phantom.4.pro.hawk.1_[Lat=39.54106013345701,Lon=22.64423064099432,Alt=4.900000095367432]_DATE_03_07_2019_14_46_59",41.076388888888886,0.0,41.076388888888886
"ID_00291_UAV_dji.phantom.4.pro.hawk.1_[Lat=39.54106004945535,Lon=22.644216494808454,Alt=4.900000095367432]_DATE_03_07_2019_14_46_59",41.859157986111114,0.0,41.859157986111114
"ID_00292_UAV_dji.phantom.4.pro.hawk.1_[Lat=39.54105998796531,Lon=22.644209483661186,Alt=4.900000095367432]_DATE_03_07_2019_14_47_00",33.486002604166664,0.0,33.486002604166664
"ID_00293_UAV_dji.phantom.4.pro.hawk.1_[Lat=39.54105957295961,Lon=22.644147475872444,Alt=4.900000095367432]_DATE_03_07_2019_14_47_00",36.604709201388886,0.0,36.604709201388886
"ID_00294_UAV_dji.phantom.4.pro.hawk.1_[Lat=39.541059901879244,Lon=22.644077924221488,Alt=4.900000095367432]_DATE_03_07_2019_14_47_03",37.9912109375,0.0,37.9912109375
"ID_00295_UAV_dji.phantom.4.pro.hawk.1_[Lat=39.541059609019875,Lon=22.64400923456624,Alt=4.900000095367432]_DATE_03_07_2019_14_47_07",38.73328993055556,0.0,38.73328993055556
"ID_00296_UAV_dji.phantom.4.pro.hawk.1_[Lat=39.54106706390622,Lon=22.643969863518876,Alt=4.900000095367432]_DATE_03_07_2019_14_47_11",42.33452690972222,0.0,42.33452690972222
"ID_00297_UAV_dji.phantom.4.pro.hawk.1_[Lat=39.54111729585379,Lon=22.643976084836694,Alt=5.0]_DATE_03_07_2019_14_47_13",50.099283854166664,0.0,50.099283854166664
"ID_00298_UAV_dji.phantom.4.pro.hawk.1_[Lat=39.54119664198295,Lon=22.64397692967958,Alt=4.900000095367432]_DATE_03_07_2019_14_47_14",40.99066840277778,0.0,40.99066840277778
"ID_00299_UAV_dji.phantom.4.pro.hawk.1_[Lat=39.541237206653186,Lon=22.64399568312986,Alt=4.900000095367432]_DATE_03_07_2019_14_47_15",42.094943576388886,0.0,42.094943576388886
"ID_00300_UAV_dji.phantom.4.pro.hawk.1_[Lat=39.54123656548919,Lon=22.64403500520726,Alt=4.900000095367432]_DATE_03_07_2019_14_47_18",47.1494140625,0.0,47.1494140625
"ID_00301_UAV_dji.phantom.4.pro.hawk.1_[Lat=39.54123658529107,Lon=22.64409185675258,Alt=4.900000095367432]_DATE_03_07_2019_14_47_21",40.32118055555556,0.0,40.32118055555556
"ID_00302_UAV_dji.phantom.4.pro.hawk.1_[Lat=39.541236472316136,Lon=22.644163290147542,Alt=4.900000095367432]_DATE_03_07_2019_14_47_24",40.43858506944444,0.0,40.43858506944444
"ID_00303_UAV_dji.phantom.4.pro.hawk.1_[Lat=39.54123636434379,Lon=22.644265549465285,Alt=4.900000095367432]_DATE_03_07_2019_14_47_27",31.148111979166668,0.0,31.148111979166668
"ID_00304_UAV_dji.phantom.4.pro.hawk.1_[Lat=39.541238256569656,Lon=22.644384945158155,Alt=4.900000095367432]_DATE_03_07_2019_14_47_28",41.191731770833336,0.0,41.191731770833336
"ID_00305_UAV_dji.phantom.4.pro.hawk.1_[Lat=39.54123826636638,Lon=22.644388364523333,Alt=4.900000095367432]_DATE_03_07_2019_14_47_28",38.739474826388886,0.0,38.739474826388886
"ID_00306_UAV_dji.phantom.4.pro.hawk.1_[Lat=39.54124003248554,Lon=22.644505382329186,Alt=4.900000095367432]_DATE_03_07_2019_14_47_29",34.70855034722222,0.0,34.70855034722222
"ID_00307_UAV_dji.phantom.4.pro.hawk.1_[Lat=39.54124004165694,Lon=22.644512413073326,Alt=4.900000095367432]_DATE_03_07_2019_14_47_29",38.90581597222222,0.0,38.90581597222222
"ID_00308_UAV_dji.phantom.4.pro.hawk.1_[Lat=39.54123995348647,Lon=22.644582675144193,Alt=4.900000095367432]_DATE_03_07_2019_14_47_31",43.770833333333336,0.0,43.770833333333336
"ID_00309_UAV_dji.phantom.4.pro.hawk.1_[Lat=39.541240093558706,Lon=22.644651604272315,Alt=4.900000095367432]_DATE_03_07_2019_14_47_34",48.785481770833336,0.0,48.785481770833336
"ID_00310_UAV_dji.phantom.4.pro.hawk.1_[Lat=39.54123885062603,Lon=22.64472448299207,Alt=4.900000095367432]_DATE_03_07_2019_14_47_38",49.43174913194444,0.0,49.43174913194444
"ID_00311_UAV_dji.phantom.4.pro.hawk.1_[Lat=39.54123596559648,Lon=22.644795361675598,Alt=4.900000095367432]_DATE_03_07_2019_14_47_39",45.057942708333336,0.0,45.057942708333336
"ID_00312_UAV_dji.phantom.4.pro.hawk.1_[Lat=39.541235265443724,Lon=22.644875775681168,Alt=4.900000095367432]_DATE_03_07_2019_14_47_41",47.48198784722222,0.0,47.48198784722222
"ID_00313_UAV_dji.phantom.4.pro.hawk.1_[Lat=39.541238043543125,Lon=22.64494454825651,Alt=4.900000095367432]_DATE_03_07_2019_14_47_43",45.44683159722222,0.0,45.44683159722222
"ID_00314_UAV_dji.phantom.4.pro.hawk.1_[Lat=39.54123818424069,Lon=22.645014353222574,Alt=4.900000095367432]_DATE_03_07_2019_14_47_45",39.797092013888886,0.0,39.797092013888886
"ID_00315_UAV_dji.phantom.4.pro.hawk.1_[Lat=39.54123816485569,Lon=22.64508685941292,Alt=5.0]_DATE_03_07_2019_14_47_48",72.39051649305556,0.0,72.39051649305556
"ID_00316_UAV_dji.phantom.4.pro.hawk.1_[Lat=39.54123935234311,Lon=22.645153070470844,Alt=5.0]_DATE_03_07_2019_14_47_51",46.935329861111114,0.0,46.935329861111114
"ID_00317_UAV_dji.phantom.4.pro.hawk.1_[Lat=39.5412366426123,Lon=22.64522797857076,Alt=5.0]_DATE_03_07_2019_14_47_53",93.18901909722223,0.0,93.18901909722223
"ID_00318_UAV_dji.phantom.4.pro.hawk.1_[Lat=39.54123502135951,Lon=22.645306628180247,Alt=5.0]_DATE_03_07_2019_14_47_57",45.81976996527778,0.0,45.81976996527778
"ID_00319_UAV_dji.phantom.4.pro.hawk.1_[Lat=39.541270220971185,Lon=22.645306000258277,Alt=5.0]_DATE_03_07_2019_14_47_57",46.87879774305556,0.0,46.87879774305556
"ID_00320_UAV_dji.phantom.4.pro.hawk.1_[Lat=39.541372162920254,Lon=22.64530282593176,Alt=4.900000095367432]_DATE_03_07_2019_14_47_58(1)",45.492947048611114,0.0,45.492947048611114
"ID_00320_UAV_dji.phantom.4.pro.hawk.1_[Lat=39.541372162920254,Lon=22.64530282593176,Alt=4.900000095367432]_DATE_03_07_2019_14_47_58",45.492947048611114,0.0,45.492947048611114
"ID_00321_UAV_dji.phantom.4.pro.hawk.1_[Lat=39.54137477979068,Lon=22.645302942135427,Alt=4.900000095367432]_DATE_03_07_2019_14_47_58",45.801432291666664,0.0,45.801432291666664
"ID_00322_UAV_dji.phantom.4.pro.hawk.1_[Lat=39.54141584711598,Lon=22.64530557769241,Alt=4.900000095367432]_DATE_03_07_2019_14_47_59",40.60308159722222,0.0,40.60308159722222
"ID_00323_UAV_dji.phantom.4.pro.hawk.1_[Lat=39.54140941421504,Lon=22.6452550399557,Alt=5.0]_DATE_03_07_2019_14_48_02",42.961154513888886,0.0,42.961154513888886
"ID_00324_UAV_dji.phantom.4.pro.hawk.1_[Lat=39.541406496981374,Lon=22.645176476556752,Alt=4.900000095367432]_DATE_03_07_2019_14_48_06",44.632595486111114,0.0,44.632595486111114
"ID_00325_UAV_dji.phantom.4.pro.hawk.1_[Lat=39.54140601444085,Lon=22.645104736125393,Alt=4.900000095367432]_DATE_03_07_2019_14_48_09",46.37250434027778,0.0,46.37250434027778
"ID_00326_UAV_dji.phantom.4.pro.hawk.1_[Lat=39.54140551199423,Lon=22.645036216420788,Alt=4.900000095367432]_DATE_03_07_2019_14_48_12",42.769748263888886,0.0,42.769748263888886
"ID_00327_UAV_dji.phantom.4.pro.hawk.1_[Lat=39.54140577942381,Lon=22.64495636303683,Alt=5.0]_DATE_03_07_2019_14_48_14",47.56846788194444,0.0,47.56846788194444
"ID_00328_UAV_dji.phantom.4.pro.hawk.1_[Lat=39.54140652480823,Lon=22.64483863745509,Alt=5.0]_DATE_03_07_2019_14_48_16",45.83116319444444,0.0,45.83116319444444
"ID_00329_UAV_dji.phantom.4.pro.hawk.1_[Lat=39.54140658525607,Lon=22.644775678062725,Alt=4.900000095367432]_DATE_03_07_2019_14_48_18",42.89659288194444,0.0,42.89659288194444
"ID_00330_UAV_dji.phantom.4.pro.hawk.1_[Lat=39.5414068380948,Lon=22.64469183607114,Alt=5.0]_DATE_03_07_2019_14_48_20",42.38237847222222,0.0,42.38237847222222
"ID_00331_UAV_dji.phantom.4.pro.hawk.1_[Lat=39.54140719921854,Lon=22.64463624321375,Alt=4.900000095367432]_DATE_03_07_2019_14_48_22",33.817057291666664,0.0,33.817057291666664
"ID_00332_UAV_dji.phantom.4.pro.hawk.1_[Lat=39.541407411932404,Lon=22.644566598377672,Alt=5.0]_DATE_03_07_2019_14_48_25",44.25737847222222,0.0,44.25737847222222
"ID_00333_UAV_dji.phantom.4.pro.hawk.1_[Lat=39.5414075206343,Lon=22.644500440184917,Alt=5.0]_DATE_03_07_2019_14_48_27",44.916015625,0.0,44.916015625
"ID_00334_UAV_dji.phantom.4.pro.hawk.1_[Lat=39.541408240484714,Lon=22.64439110213069,Alt=5.0]_DATE_03_07_2019_14_48_28",37.50086805555556,0.0,37.50086805555556
"ID_00335_UAV_dji.phantom.4.pro.hawk.1_[Lat=39.5414089979587,Lon=22.644314909406713,Alt=5.0]_DATE_03_07_2019_14_48_29",37.900390625,0.0,37.900390625
"ID_00336_UAV_dji.phantom.4.pro.hawk.1_[Lat=39.54140952802373,Lon=22.644262318070098,Alt=5.0]_DATE_03_07_2019_14_48_30",46.077473958333336,0.0,46.077473958333336
"ID_00337_UAV_dji.phantom.4.pro.hawk.1_[Lat=39.54140991405615,Lon=22.644197579961727,Alt=5.0]_DATE_03_07_2019_14_48_32",44.483615451388886,0.0,44.483615451388886
"ID_00338_UAV_dji.phantom.4.pro.hawk.1_[Lat=39.54140986361347,Lon=22.644125925002136,Alt=5.0]_DATE_03_07_2019_14_48_35",52.0419921875,0.0,52.0419921875
"ID_00339_UAV_dji.phantom.4.pro.hawk.1_[Lat=39.5414099372973,Lon=22.644060331385912,Alt=5.0]_DATE_03_07_2019_14_48_38",40.33257378472222,0.0,40.33257378472222
"ID_00340_UAV_dji.phantom.4.pro.hawk.1_[Lat=39.5414105595974,Lon=22.643988006222216,Alt=5.0]_DATE_03_07_2019_14_48_41",41.86631944444444,0.0,41.86631944444444
"ID_00341_UAV_dji.phantom.4.pro.hawk.1_[Lat=39.541410933852916,Lon=22.64392007529028,Alt=5.0]_DATE_03_07_2019_14_48_44",46.243815104166664,0.0,46.243815104166664
"ID_00342_UAV_dji.phantom.4.pro.hawk.1_[Lat=39.54141018065197,Lon=22.64383881128709,Alt=5.0]_DATE_03_07_2019_14_48_47",42.062282986111114,0.0,42.062282986111114
"ID_00343_UAV_dji.phantom.4.pro.hawk.1_[Lat=39.541410965223264,Lon=22.643758555745112,Alt=5.0]_DATE_03_07_2019_14_48_48",40.9296875,0.0,40.9296875
"ID_00344_UAV_dji.phantom.4.pro.hawk.1_[Lat=39.5414113820007,Lon=22.643652590263535,Alt=5.0]_DATE_03_07_2019_14_48_52",37.570638020833336,0.0,37.570638020833336
"ID_00345_UAV_dji.phantom.4.pro.hawk.1_[Lat=39.541411356570926,Lon=22.64364584449612,Alt=5.0]_DATE_03_07_2019_14_48_54",42.600911458333336,0.0,42.600911458333336
"ID_00346_UAV_dji.phantom.4.pro.hawk.1_[Lat=39.54142569042159,Lon=22.643528090674444,Alt=5.0]_DATE_03_07_2019_14_48_55",40.144856770833336,0.0,40.144856770833336
"ID_00347_UAV_dji.phantom.4.pro.hawk.1_[Lat=39.541427973890904,Lon=22.64352864454157,Alt=5.0]_DATE_03_07_2019_14_48_57",35.5693359375,0.0,35.5693359375
"ID_00348_UAV_dji.phantom.4.pro.hawk.1_[Lat=39.54150950708549,Lon=22.64353821581342,Alt=5.0]_DATE_03_07_2019_14_48_58",42.93315972222222,0.0,42.93315972222222
"ID_00349_UAV_dji.phantom.4.pro.hawk.1_[Lat=39.54151718854702,Lon=22.643538565624237,Alt=5.0]_DATE_03_07_2019_14_48_58",35.55512152777778,0.0,35.55512152777778
"ID_00350_UAV_dji.phantom.4.pro.hawk.1_[Lat=39.541567545975965,Lon=22.64353849345798,Alt=5.0]_DATE_03_07_2019_14_48_58",47.80718315972222,0.0,47.80718315972222
"ID_00351_UAV_dji.phantom.4.pro.hawk.1_[Lat=39.54158451712426,Lon=22.643557174386498,Alt=5.0]_DATE_03_07_2019_14_49_00",44.45269097222222,0.0,44.45269097222222
"ID_00352_UAV_dji.phantom.4.pro.hawk.1_[Lat=39.541583551938984,Lon=22.64362653931171,Alt=5.0]_DATE_03_07_2019_14_49_02",37.57769097222222,0.0,37.57769097222222
"ID_00353_UAV_dji.phantom.4.pro.hawk.1_[Lat=39.5415832258333,Lon=22.64369504490746,Alt=5.0]_DATE_03_07_2019_14_49_06",41.51226128472222,0.0,41.51226128472222
"ID_00354_UAV_dji.phantom.4.pro.hawk.1_[Lat=39.54158375172952,Lon=22.643766327393184,Alt=5.0]_DATE_03_07_2019_14_49_09",29.09841579861111,0.0,29.09841579861111
"ID_00355_UAV_dji.phantom.4.pro.hawk.1_[Lat=39.54158417548973,Lon=22.64383407079951,Alt=5.0]_DATE_03_07_2019_14_49_10",41.16015625,0.0,41.16015625
"ID_00356_UAV_dji.phantom.4.pro.hawk.1_[Lat=39.54158435141379,Lon=22.643900965985708,Alt=5.0]_DATE_03_07_2019_14_49_13",54.07953559027778,0.0,54.07953559027778
"ID_00357_UAV_dji.phantom.4.pro.hawk.1_[Lat=39.54158494807567,Lon=22.64396683164739,Alt=5.0]_DATE_03_07_2019_14_49_15",49.802951388888886,0.0,49.802951388888886
"ID_00358_UAV_dji.phantom.4.pro.hawk.1_[Lat=39.54158534067398,Lon=22.644032626298188,Alt=5.0]_DATE_03_07_2019_14_49_17",44.93988715277778,0.0,44.93988715277778
"ID_00359_UAV_dji.phantom.4.pro.hawk.1_[Lat=39.54158546969885,Lon=22.644107871884493,Alt=5.0]_DATE_03_07_2019_14_49_19",49.750325520833336,0.0,49.750325520833336
"ID_00360_UAV_dji.phantom.4.pro.hawk.1_[Lat=39.54158595557443,Lon=22.644173113645788,Alt=5.0]_DATE_03_07_2019_14_49_22",63.313259548611114,0.0,63.313259548611114
"ID_00361_UAV_dji.phantom.4.pro.hawk.1_[Lat=39.54158640080405,Lon=22.644256393949277,Alt=5.0]_DATE_03_07_2019_14_49_23",99.63368055555556,0.0,99.63368055555556
"ID_00362_UAV_dji.phantom.4.pro.hawk.1_[Lat=39.541586655935625,Lon=22.64432125586011,Alt=5.0]_DATE_03_07_2019_14_49_27",45.100260416666664,0.0,45.100260416666664
"ID_00363_UAV_dji.phantom.4.pro.hawk.1_[Lat=39.541587078340974,Lon=22.64438596872807,Alt=5.0]_DATE_03_07_2019_14_49_28",44.59776475694444,0.0,44.59776475694444
"ID_00364_UAV_dji.phantom.4.pro.hawk.1_[Lat=39.54158757786942,Lon=22.64446247220243,Alt=5.0]_DATE_03_07_2019_14_49_28",42.0849609375,0.0,42.0849609375
"ID_00365_UAV_dji.phantom.4.pro.hawk.1_[Lat=39.541587278027286,Lon=22.64451430752641,Alt=5.0]_DATE_03_07_2019_14_49_29",37.0546875,0.0,37.0546875
"ID_00366_UAV_dji.phantom.4.pro.hawk.1_[Lat=39.54158736942859,Lon=22.644579487386483,Alt=5.0]_DATE_03_07_2019_14_49_31",40.848958333333336,0.0,40.848958333333336
"ID_00367_UAV_dji.phantom.4.pro.hawk.1_[Lat=39.54158793023865,Lon=22.64464565611089,Alt=5.0]_DATE_03_07_2019_14_49_34",37.01996527777778,0.0,37.01996527777778
"ID_00368_UAV_dji.phantom.4.pro.hawk.1_[Lat=39.541588127527895,Lon=22.644710373689204,Alt=5.0]_DATE_03_07_2019_14_49_36",39.52191840277778,0.0,39.52191840277778
"ID_00369_UAV_dji.phantom.4.pro.hawk.1_[Lat=39.54158758005806,Lon=22.644775251864107,Alt=5.0]_DATE_03_07_2019_14_49_39",33.38324652777778,0.0,33.38324652777778
"ID_00370_UAV_dji.phantom.4.pro.hawk.1_[Lat=39.54158803550127,Lon=22.64484068772774,Alt=4.900000095367432]_DATE_03_07_2019_14_49_42",41.13953993055556,0.0,41.13953993055556
"ID_00371_UAV_dji.phantom.4.pro.hawk.1_[Lat=39.54158674129215,Lon=22.64490841533659,Alt=5.0]_DATE_03_07_2019_14_49_45",36.461588541666664,0.0,36.461588541666664
"ID_00372_UAV_dji.phantom.4.pro.hawk.1_[Lat=39.54158466886918,Lon=22.644975072894063,Alt=5.0]_DATE_03_07_2019_14_49_47",45.496853298611114,0.0,45.496853298611114
"ID_00373_UAV_dji.phantom.4.pro.hawk.1_[Lat=39.54158270733674,Lon=22.645062472406543,Alt=5.0]_DATE_03_07_2019_14_49_49",40.605251736111114,0.0,40.605251736111114
"ID_00374_UAV_dji.phantom.4.pro.hawk.1_[Lat=39.54158384823762,Lon=22.645143126487667,Alt=5.0]_DATE_03_07_2019_14_49_53",41.876627604166664,0.0,41.876627604166664
"ID_00375_UAV_dji.phantom.4.pro.hawk.1_[Lat=39.54158478976486,Lon=22.64521225108736,Alt=4.900000095367432]_DATE_03_07_2019_14_49_55",47.579752604166664,0.0,47.579752604166664
"ID_00376_UAV_dji.phantom.4.pro.hawk.1_[Lat=39.54158559590978,Lon=22.64531102537819,Alt=4.900000095367432]_DATE_03_07_2019_14_49_56",48.654947916666664,0.0,48.654947916666664
"ID_00377_UAV_dji.phantom.4.pro.hawk.1_[Lat=39.54158587647114,Lon=22.645317455507115,Alt=4.900000095367432]_DATE_03_07_2019_14_49_58",43.89214409722222,0.0,43.89214409722222
"ID_00378_UAV_dji.phantom.4.pro.hawk.1_[Lat=39.541587348897174,Lon=22.645423362698,Alt=4.900000095367432]_DATE_03_07_2019_14_49_58",43.340603298611114,0.0,43.340603298611114
"ID_00379_UAV_dji.phantom.4.pro.hawk.1_[Lat=39.54158672378312,Lon=22.645486819477618,Alt=4.900000095367432]_DATE_03_07_2019_14_49_59",44.409830729166664,0.0,44.409830729166664
"ID_00380_UAV_dji.phantom.4.pro.hawk.1_[Lat=39.54158659725953,Lon=22.64550956749012,Alt=4.900000095367432]_DATE_03_07_2019_14_49_59",38.49598524305556,0.0,38.49598524305556
"ID_00381_UAV_dji.phantom.4.pro.hawk.1_[Lat=39.54158715848647,Lon=22.645580874127543,Alt=4.900000095367432]_DATE_03_07_2019_14_50_01",37.41742621527778,0.0,37.41742621527778
"ID_00382_UAV_dji.phantom.4.pro.hawk.1_[Lat=39.54158584114042,Lon=22.645649321554796,Alt=4.900000095367432]_DATE_03_07_2019_14_50_06",41.85948350694444,0.0,41.85948350694444
"ID_00383_UAV_dji.phantom.4.pro.hawk.1_[Lat=39.54158375819119,Lon=22.645717346427297,Alt=4.900000095367432]_DATE_03_07_2019_14_50_09",49.4189453125,0.0,49.4189453125
"ID_00384_UAV_dji.phantom.4.pro.hawk.1_[Lat=39.54159031115405,Lon=22.645753955960007,Alt=4.900000095367432]_DATE_03_07_2019_14_50_12",42.66156684027778,0.0,42.66156684027778
"ID_00385_UAV_dji.phantom.4.pro.hawk.1_[Lat=39.54166286284165,Lon=22.645741743332096,Alt=5.0]_DATE_03_07_2019_14_50_16",37.84917534722222,0.0,37.84917534722222
"ID_00386_UAV_dji.phantom.4.pro.hawk.1_[Lat=39.5417620246069,Lon=22.64574608477227,Alt=5.0]_DATE_03_07_2019_14_50_18",38.376193576388886,0.0,38.376193576388886
"ID_00387_UAV_dji.phantom.4.pro.hawk.1_[Lat=39.54176269057536,Lon=22.645745540281432,Alt=5.0]_DATE_03_07_2019_14_50_21",46.7763671875,0.0,46.7763671875
"ID_00388_UAV_dji.phantom.4.pro.hawk.1_[Lat=39.54175205571569,Lon=22.645583919152486,Alt=4.900000095367432]_DATE_03_07_2019_14_50_27",38.72211371527778,0.0,38.72211371527778
"ID_00389_UAV_dji.phantom.4.pro.hawk.1_[Lat=39.54175205498615,Lon=22.645580358787598,Alt=4.900000095367432]_DATE_03_07_2019_14_50_28",42.477864583333336,0.0,42.477864583333336
"ID_00390_UAV_dji.phantom.4.pro.hawk.1_[Lat=39.541752040707955,Lon=22.645573199352892,Alt=4.900000095367432]_DATE_03_07_2019_14_50_28",45.7177734375,0.0,45.7177734375
"ID_00391_UAV_dji.phantom.4.pro.hawk.1_[Lat=39.541752767958016,Lon=22.645259730206853,Alt=4.900000095367432]_DATE_03_07_2019_14_50_29",41.836697048611114,0.0,41.836697048611114
"ID_00392_UAV_dji.phantom.4.pro.hawk.1_[Lat=39.541752823194834,Lon=22.645256248340544,Alt=4.900000095367432]_DATE_03_07_2019_14_50_29",44.24131944444444,0.0,44.24131944444444
"ID_00393_UAV_dji.phantom.4.pro.hawk.1_[Lat=39.54175288291313,Lon=22.64525282123772,Alt=4.900000095367432]_DATE_03_07_2019_14_50_30",47.45453559027778,0.0,47.45453559027778
"ID_00394_UAV_dji.phantom.4.pro.hawk.1_[Lat=39.541752968269655,Lon=22.64524939660672,Alt=4.900000095367432]_DATE_03_07_2019_14_50_30",39.38172743055556,0.0,39.38172743055556
"ID_00395_UAV_dji.phantom.4.pro.hawk.1_[Lat=39.54175405153666,Lon=22.645192282118657,Alt=4.900000095367432]_DATE_03_07_2019_14_50_31",43.24848090277778,0.0,43.24848090277778
"ID_00396_UAV_dji.phantom.4.pro.hawk.1_[Lat=39.54175422152015,Lon=22.6451625484201,Alt=4.900000095367432]_DATE_03_07_2019_14_50_32",38.01063368055556,0.0,38.01063368055556
"ID_00397_UAV_dji.phantom.4.pro.hawk.1_[Lat=39.541753964408386,Lon=22.64509547609829,Alt=4.900000095367432]_DATE_03_07_2019_14_50_34",38.6796875,0.0,38.6796875
"ID_00398_UAV_dji.phantom.4.pro.hawk.1_[Lat=39.541754237465874,Lon=22.645025293453635,Alt=4.900000095367432]_DATE_03_07_2019_14_50_37",35.95952690972222,0.0,35.95952690972222
"ID_00399_UAV_dji.phantom.4.pro.hawk.1_[Lat=39.541754464457945,Lon=22.644962655276657,Alt=4.900000095367432]_DATE_03_07_2019_14_50_39",41.463216145833336,0.0,41.463216145833336
"ID_00400_UAV_dji.phantom.4.pro.hawk.1_[Lat=39.541755621408775,Lon=22.64489568685771,Alt=4.900000095367432]_DATE_03_07_2019_14_50_41",36.6572265625,0.0,36.6572265625
"ID_00401_UAV_dji.phantom.4.pro.hawk.1_[Lat=39.54175587528971,Lon=22.64482942765886,Alt=5.0]_DATE_03_07_2019_14_50_43",45.212565104166664,0.0,45.212565104166664
"ID_00402_UAV_dji.phantom.4.pro.hawk.1_[Lat=39.54175699253257,Lon=22.644759925022296,Alt=5.0]_DATE_03_07_2019_14_50_46",47.511393229166664,0.0,47.511393229166664
"ID_00403_UAV_dji.phantom.4.pro.hawk.1_[Lat=39.541756615671545,Lon=22.64469331076902,Alt=5.0]_DATE_03_07_2019_14_50_49",47.89442274305556,0.0,47.89442274305556
"ID_00404_UAV_dji.phantom.4.pro.hawk.1_[Lat=39.5417569850287,Lon=22.644628217472913,Alt=5.0]_DATE_03_07_2019_14_50_51",36.45399305555556,0.0,36.45399305555556
"ID_00405_UAV_dji.phantom.4.pro.hawk.1_[Lat=39.541757654227986,Lon=22.644558076982637,Alt=5.0]_DATE_03_07_2019_14_50_53",30.05056423611111,0.0,30.05056423611111
"ID_00406_UAV_dji.phantom.4.pro.hawk.1_[Lat=39.54175805526815,Lon=22.644490510037024,Alt=4.900000095367432]_DATE_03_07_2019_14_50_55",40.24815538194444,0.0,40.24815538194444
"ID_00407_UAV_dji.phantom.4.pro.hawk.1_[Lat=39.541758292161155,Lon=22.644408826234198,Alt=5.0]_DATE_03_07_2019_14_50_58",39.0419921875,0.0,39.0419921875
"ID_00408_UAV_dji.phantom.4.pro.hawk.1_[Lat=39.541757976581735,Lon=22.6443479058274,Alt=5.099999904632568]_DATE_03_07_2019_14_50_58",42.858181423611114,0.0,42.858181423611114
"ID_00409_UAV_dji.phantom.4.pro.hawk.1_[Lat=39.54175790779626,Lon=22.644261507977216,Alt=5.199999809265137]_DATE_03_07_2019_14_50_59",46.208333333333336,0.0,46.208333333333336
"ID_00410_UAV_dji.phantom.4.pro.hawk.1_[Lat=39.54175844307232,Lon=22.644198114276417,Alt=5.099999904632568]_DATE_03_07_2019_14_51_01",38.07823350694444,0.0,38.07823350694444
"ID_00411_UAV_dji.phantom.4.pro.hawk.1_[Lat=39.54175906360067,Lon=22.644131643822405,Alt=5.099999904632568]_DATE_03_07_2019_14_51_05",40.42144097222222,0.0,40.42144097222222
"ID_00412_UAV_dji.phantom.4.pro.hawk.1_[Lat=39.54175844661581,Lon=22.644070646805623,Alt=5.199999809265137]_DATE_03_07_2019_14_51_07",36.88129340277778,0.0,36.88129340277778
